{"cameraMode":{"drawMode":0,"name":"Shaded","section":"Shading Mode"},"sceneLighting":true,"audioPlay":false,"sceneViewState":{"m_AlwaysRefresh":false,"showFog":true,"showSkybox":true,"showFlares":true,"showImageEffects":true,"showParticleSystems":true,"showVisualEffectGraphs":true,"m_FxEnabled":true},"in2DMode":false,"pivot":{"x":2.3651509284973146,"y":2.0142955780029299,"z":-5.371142864227295},"rotation":{"x":-0.004095425829291344,"y":0.978217363357544,"z":-0.019380828365683557,"w":-0.20665816962718965},"size":3.863245964050293,"orthographic":false}