{"cameraMode":{"drawMode":0,"name":"Shaded","section":"Shading Mode"},"sceneLighting":true,"audioPlay":false,"sceneViewState":{"m_AlwaysRefresh":false,"showFog":true,"showSkybox":true,"showFlares":true,"showImageEffects":true,"showParticleSystems":true,"showVisualEffectGraphs":true,"m_FxEnabled":true},"in2DMode":false,"pivot":{"x":0.08962422609329224,"y":-1.9088435173034669,"z":-0.05059027671813965},"rotation":{"x":-0.03788713365793228,"y":0.7424409985542297,"z":-0.667517900466919,"w":-0.04214130714535713},"size":6.429525375366211,"orthographic":false}